file,hex_string
json\_lang\en\npc_names.json,49 4E 44 58 10 00 00 00 C0 93 00 00 00 00 00 00 E7 24 E7 24 14 00 00 00 E4 49 00 00 E4 49 00 00 B4 93 00 00 0B 16 0C 16 1C 16 1D 16 1E 16 1F 16 20 16 21 16 22 16 23 16 24 16 25 16 26 16 32 16
json\_lang\en\pet_names.json,49 4E 44 58 10 00 00 00 B0 02 00 00 00 00 00 00 00 00 4B 01 00 00 00 00 00 00 00 00 14 00 00 00 AC 02 00 00 00 00 01 00 08 00 0F 00 17 00 1C 00 24 00 2C 00 34 00 39 00 41 00 49 00 51 00 56 00
json\_lang\en\boss_names.json,49 4E 44 58 10 00 00 00 80 08 00 00 00 00 00 00 00 00 30 04 00 00 00 00 00 00 00 00 14 00 00 00 74 08 00 00 00 00 01 00 0C 00 17 00 22 00 2F 00 3C 00 47 00 4F 00 59 00 67 00 71 00 7C 00 86 00
json\_lang\en\bottom_right_messages.json,49 4E 44 58 10 00 00 00 10 01 00 00 00 00 00 00 00 00 7A 00 00 00 00 00 00 00 00 00 14 00 00 00 08 01 00 00 00 00 01 00 0C 00 1B 00 28 00 1B 00 4A 00 51 00 51 00 5B 00 69 00 77 00 84 00 97 00
json\_lang\en\cooking.json,49 4E 44 58 10 00 00 00 80 00 00 00 00 00 00 00 00 00 31 00 00 00 00 00 00 00 00 00 14 00 00 00 78 00 00 00 00 00 01 00 0B 00 13 00 1D 00 24 00 2B 00 36 00 41 00 4B 00 53 00 5B 00 62 00 69 00
json\_lang\en\crafting_info.json,49 4E 44 58 10 00 00 00 80 00 00 00 00 00 00 00 00 00 36 00 00 00 00 00 00 00 00 00 14 00 00 00 80 00 00 00 00 00 01 00 0C 00 2B 00 50 00 79 00 A1 00 C6 00 DC 00 E0 00 E7 00 EF 00 F6 00 FD 00
json\_lang\en\57.json,49 4E 44 58 10 00 00 00 70 01 00 00 00 00 00 00 00 00 AA 00 00 00 00 00 00 00 00 00 14 00 00 00 68 01 00 00 00 00 01 00 01 00 01 00 08 00 08 00 08 00 0D 00 0D 00 0D 00 12 00 12 00 12 00 19 00
json\_lang\en\58.json,49 4E 44 58 10 00 00 00 60 02 00 00 00 00 00 00 00 00 23 01 00 00 00 00 00 00 00 00 14 00 00 00 5C 02 00 00 00 00 01 00 0B 00 15 00 1F 00 2A 00 2F 00 3A 00 3E 00 4B 00 52 00 59 00 60 00 65 00
json\_lang\en\60.json,49 4E 44 58 10 00 00 00 90 00 00 00 00 00 00 00 00 00 3E 00 00 00 00 00 00 00 00 00 14 00 00 00 90 00 00 00 00 00 01 00 05 00 0F 00 17 00 1E 00 25 00 2C 00 34 00 3C 00 47 00 4B 00 55 00 5A 00
json\_lang\en\hairstyles.json,49 4E 44 58 10 00 00 00 70 08 00 00 00 00 00 00 00 00 2A 04 00 00 00 00 00 00 00 00 14 00 00 00 68 08 00 00 00 00 01 00 08 00 0F 00 16 00 1D 00 24 00 2B 00 32 00 39 00 40 00 48 00 50 00 58 00
json\_lang\en\stats_attributes.json,49 4E 44 58 10 00 00 00 F0 0F 00 00 00 00 00 00 00 00 E9 07 00 00 00 00 00 00 00 00 14 00 00 00 E8 0F 00 00 00 00 01 00 06 00 0D 00 15 00 1C 00 23 00 2A 00 39 00 43 00 4D 00 61 00 69 00 70 00
json\_lang\en\deliveries.json,49 4E 44 58 10 00 00 00 90 03 00 00 00 00 00 00 00 00 BE 01 00 00 00 00 00 00 00 00 14 00 00 00 90 03 00 00 00 00 01 00 0F 00 1C 00 2C 00 39 00 46 00 57 00 67 00 75 00 85 00 95 00 A5 00 B8 00
json\_lang\en\fish_descriptions.json,49 4E 44 58 10 00 00 00 70 01 00 00 00 00 00 00 00 00 AA 00 00 00 00 00 00 00 00 00 14 00 00 00 68 01 00 00 00 00 01 00 4F 00 98 00 E6 00 32 01 80 01 D2 01 1B 02 68 02 AF 02 FA 02 48 03 95 03
json\_lang\en\65.json,49 4E 44 58 10 00 00 00 80 00 00 00 00 00 00 00 00 00 35 00 00 00 00 00 00 00 00 00 14 00 00 00 80 00 00 00 00 00 01 00 12 00 22 00 32 00 42 00 53 00 64 00 76 00 88 00 98 00 A8 00 B9 00 C7 00
json\_lang\en\67.json,49 4E 44 58 10 00 00 00 60 03 00 00 00 00 00 00 00 00 A5 01 00 00 00 00 00 00 00 00 14 00 00 00 60 03 00 00 00 00 01 00 01 00 01 00 09 00 10 00 15 00 15 00 10 00 10 00 15 00 1A 00 21 00 15 00
json\_lang\en\slime_race.json,49 4E 44 58 10 00 00 00 90 00 00 00 00 00 00 00 00 00 3D 00 00 00 00 00 00 00 00 00 14 00 00 00 90 00 00 00 00 00 01 00 47 00 8C 00 D1 00 1C 01 64 01 AD 01 F5 01 3D 02 83 02 C8 02 11 03 5A 03
json\_lang\en\69.json,49 4E 44 58 10 00 00 00 80 00 00 00 00 00 00 00 00 00 31 00 00 00 00 00 00 00 00 00 14 00 00 00 78 00 00 00 00 00 01 00 13 00 25 00 36 00 48 00 5A 00 7E 00 90 00 90 00 90 00 90 00 AD 00 C0 00
json\_lang\en\alchemy_pot_prisms.json,49 4E 44 58 10 00 00 00 30 00 00 00 00 00 00 00 00 00 07 00 00 00 00 00 00 00 00 00 14 00 00 00 24 00 00 00 00 00 01 00 0B 00 18 00 26 00 36 00 47 00 CD AB 00 00 00 00 00 00 00 00 00 00 00 00
json\_lang\en\72.json,49 4E 44 58 10 00 00 00 50 01 00 00 00 00 00 00 00 00 9A 00 00 00 00 00 00 00 00 00 14 00 00 00 48 01 00 00 00 00 01 00 17 00 30 00 46 00 62 00 73 00 77 00 7B 00 7D 00 82 00 87 00 8B 00 93 00
json\_lang\en\dragon_accessories.json,49 4E 44 58 10 00 00 00 D0 00 00 00 00 00 00 00 00 00 5B 00 00 00 00 00 00 00 00 00 14 00 00 00 CC 00 00 00 00 00 01 00 0E 00 1F 00 2C 00 3D 00 48 00 59 00 64 00 75 00 82 00 8F 00 9C 00 A7 00
json\_lang\en\apex_boss_names.json,49 4E 44 58 10 00 00 00 B0 10 00 00 00 00 00 00 00 00 4A 08 00 00 00 00 00 00 00 00 14 00 00 00 A8 10 00 00 00 00 01 00 0E 00 19 00 24 00 32 00 3F 00 4D 00 57 00 62 00 70 00 7D 00 8B 00 96 00
json\_lang\en\75.json,49 4E 44 58 10 00 00 00 30 01 00 00 00 00 00 00 00 00 8B 00 00 00 00 00 00 00 00 00 14 00 00 00 2C 01 00 00 00 00 01 00 45 00 87 00 D1 00 18 01 62 01 AC 01 F5 01 42 02 8C 02 DB 02 1D 03 69 03
json\_lang\en\eyes_colors.json,49 4E 44 58 10 00 00 00 C0 08 00 00 00 00 00 00 00 00 54 04 00 00 00 00 00 00 00 00 14 00 00 00 BC 08 00 00 00 00 01 00 08 00 0F 00 16 00 1D 00 24 00 2B 00 32 00 39 00 40 00 48 00 50 00 01 00
json\_lang\en\goals.json,49 4E 44 58 10 00 00 00 30 02 00 00 00 00 00 00 00 00 0E 01 00 00 00 00 00 00 00 00 14 00 00 00 30 02 00 00 00 00 01 00 09 00 13 00 1D 00 22 00 26 00 2D 00 35 00 3D 00 48 00 53 00 5D 00 6A 00
json\_lang\en\78.json,49 4E 44 58 10 00 00 00 E0 05 00 00 00 00 00 00 00 00 DF 02 00 00 00 00 00 00 00 00 14 00 00 00 D4 05 00 00 00 00 01 00 0C 00 16 00 20 00 27 00 32 00 3F 00 4D 00 5B 00 69 00 77 00 82 00 8F 00
json\_lang\en\monster_accessories.json,49 4E 44 58 10 00 00 00 30 07 00 00 00 00 00 00 00 00 8A 03 00 00 00 00 00 00 00 00 14 00 00 00 28 07 00 00 00 00 01 00 0B 00 18 00 20 00 2E 00 38 00 40 00 4B 00 59 00 64 00 6E 00 7E 00 8B 00
json\_lang\en\battle_tactics.json,49 4E 44 58 10 00 00 00 50 00 00 00 00 00 00 00 00 00 1C 00 00 00 00 00 00 00 00 00 14 00 00 00 4C 00 00 00 00 00 01 00 0E 00 1B 00 28 00 33 00 3D 00 48 00 55 00 62 00 6F 00 0E 00 7C 00 28 00
json\_lang\en\camera_settings.json,49 4E 44 58 10 00 00 00 F0 00 00 00 00 00 00 00 33 00 33 00 14 00 00 00 7C 00 00 00 7C 00 00 00 E4 00 00 00 5B 0B 5C 0B 5D 0B 5E 0B 5F 0B 60 0B 61 0B 62 0B 65 0B 66 0B 67 0B 68 0B 69 0B 6A 0B
json\_lang\en\casino_navigation.json,49 4E 44 58 10 00 00 00 30 01 00 00 00 00 00 00 00 00 87 00 00 00 00 00 00 00 00 00 14 00 00 00 24 01 00 00 00 00 01 00 0C 00 19 00 26 00 33 00 40 00 4D 00 5A 00 64 00 6E 00 7E 00 89 00 89 00
json\_lang\en\classes_races.json,49 4E 44 58 10 00 00 00 80 00 00 00 00 00 00 00 00 00 31 00 00 00 00 00 00 00 00 00 14 00 00 00 78 00 00 00 00 00 01 00 06 00 0D 00 12 00 19 00 20 00 24 00 28 00 2C 00 33 00 38 00 3C 00 41 00
json\_lang\en\combat_chat.json,49 4E 44 58 10 00 00 00 F0 05 01 00 00 00 00 00 00 00 77 2F 00 00 00 00 00 00 00 00 14 00 00 00 04 5F 00 00 00 00 01 00 11 00 01 00 01 00 01 00 17 00 29 00 31 00 01 00 01 00 11 00 11 00 42 00
json\_lang\en\combat_messages.json,49 4E 44 58 10 00 00 00 70 04 00 00 00 00 00 00 00 00 2B 02 00 00 00 00 00 00 00 00 14 00 00 00 6C 04 00 00 00 00 01 00 13 00 29 00 42 00 56 00 69 00 7D 00 8F 00 A4 00 B9 00 D8 00 F0 00 0A 01
json\_lang\en\concierge.json,49 4E 44 58 10 00 00 00 80 01 00 00 00 00 00 00 00 00 AF 00 00 00 00 00 00 00 00 00 14 00 00 00 74 01 00 00 00 00 01 00 09 00 19 00 24 00 24 00 24 00 26 00 26 00 49 00 6C 00 77 00 79 00 99 00
json\_lang\en\craft_ranks.json,49 4E 44 58 10 00 00 00 30 00 00 00 00 00 00 00 00 00 0B 00 00 00 00 00 00 00 00 00 14 00 00 00 2C 00 00 00 00 00 01 00 0B 00 15 00 1F 00 29 00 33 00 3D 00 46 00 50 00 59 00 CD AB 00 00 00 00
json\_lang\en\crafting.json,49 4E 44 58 10 00 00 00 30 00 00 00 00 00 00 00 00 00 0C 00 00 00 00 00 00 00 00 00 14 00 00 00 2C 00 00 00 00 00 01 00 09 00 10 00 17 00 21 00 28 00 2F 00 36 00 41 00 4B 00 01 00 00 00 00 00
json\_lang\en\dialog.json,49 4E 44 58 10 00 00 00 30 2B 00 00 00 00 00 00 C0 08 B6 04 14 00 00 00 94 11 00 00 94 11 00 00 00 1B 00 00 6F 12 72 12 75 12 79 12 7B 12 7D 12 7E 12 67 13 68 13 6C 13 6D 13 6F 13 7A 13 7D 13
json\_lang\en\dracky_announcements.json,49 4E 44 58 10 00 00 00 F0 09 00 00 00 00 00 00 00 00 EB 04 00 00 00 00 00 00 00 00 14 00 00 00 EC 09 00 00 00 00 01 00 24 00 44 00 59 00 71 00 86 00 99 00 B4 00 D7 00 FE 00 FE 00 24 01 4B 01
json\_lang\en\error_codes.json,49 4E 44 58 10 00 00 00 90 01 00 00 00 00 00 00 F8 7E 00 00 00 00 00 00 F9 7E 00 00 3A 01 00 00 FA 7E 00 00 88 02 00 00 FB 7E 00 00 FB 03 00 00 FC 7E 00 00 1C 05 00 00 FD 7E 00 00 5B 06 00 00
json\_lang\en\fishing.json,49 4E 44 58 10 00 00 00 30 07 00 00 00 00 00 00 00 00 87 03 00 00 00 00 00 00 00 00 14 00 00 00 24 07 00 00 00 00 01 00 06 00 06 00 08 00 01 00 0D 00 0F 00 08 00 06 00 01 00 0D 00 11 00 15 00
json\_lang\en\flowers.json,49 4E 44 58 10 00 00 00 10 01 00 00 00 00 00 00 00 00 77 00 00 00 00 00 00 00 00 00 14 00 00 00 04 01 00 00 00 00 01 00 08 00 12 00 17 00 1C 00 24 00 2B 00 33 00 38 00 3D 00 47 00 4C 00 56 00
json\_lang\en\gestures_poses_icons.json,49 4E 44 58 10 00 00 00 10 19 00 00 00 00 00 00 00 00 7D 0C 00 00 00 00 00 00 00 00 14 00 00 00 10 19 00 00 00 00 01 00 0E 00 1C 00 29 00 36 00 44 00 51 00 5F 00 6C 00 79 00 87 00 94 00 A1 00
json\_lang\en\grand_prix.json,49 4E 44 58 10 00 00 00 C0 00 00 00 00 00 00 00 00 00 51 00 00 00 00 00 00 00 00 00 14 00 00 00 B8 00 00 00 00 00 01 00 05 00 09 00 0D 00 11 00 15 00 19 00 1D 00 21 00 25 00 29 00 2D 00 31 00
json\_lang\en\high_school_sim.json,49 4E 44 58 10 00 00 00 10 56 00 00 00 00 00 00 00 00 FC 2A 00 00 00 00 00 00 00 00 14 00 00 00 0C 56 00 00 00 00 01 00 08 00 0F 00 19 00 24 00 2F 00 34 00 3C 00 46 00 50 00 5B 00 63 00 6E 00
json\_lang\en\items.json,49 4E 44 58 10 00 00 00 20 29 01 00 00 00 00 00 00 00 CE 14 00 00 00 00 00 00 00 00 14 00 00 00 B0 29 00 00 00 00 01 00 08 00 0C 00 0E 00 13 00 18 00 1C 00 24 00 29 00 2D 00 31 00 38 00 3A 00
json\_lang\en\key_items.json,49 4E 44 58 10 00 00 00 10 21 00 00 00 00 00 00 00 00 90 08 00 00 00 00 00 00 00 00 14 00 00 00 34 11 00 00 00 00 01 00 0F 00 1D 00 2B 00 39 00 47 00 55 00 63 00 71 00 7F 00 8D 00 97 00 A4 00
json\_lang\en\level_up_and_resists.json,49 4E 44 58 10 00 00 00 50 02 00 00 00 00 00 00 00 00 1B 01 00 00 00 00 00 00 00 00 14 00 00 00 4C 02 00 00 00 00 01 00 05 00 09 00 11 00 16 00 1A 00 1E 00 25 00 27 00 30 00 35 00 3A 00 3E 00
json\_lang\en\locations_continents.json,49 4E 44 58 10 00 00 00 90 00 00 00 00 00 00 00 1C 00 1C 00 14 00 00 00 4C 00 00 00 4C 00 00 00 84 00 00 00 F1 52 F2 52 F3 52 F4 52 F5 52 F6 52 F7 52 93 6A A3 6A E6 6C 75 90 76 90 77 90 78 90
json\_lang\en\locations_misc.json,49 4E 44 58 10 00 00 00 80 00 00 00 00 00 00 00 00 00 34 00 00 00 00 00 00 00 00 00 14 00 00 00 7C 00 00 00 00 00 01 00 0E 00 18 00 26 00 31 00 3B 00 48 00 53 00 5E 00 6C 00 79 00 86 00 94 00
json\_lang\en\locations_places.json,49 4E 44 58 10 00 00 00 70 03 00 00 00 00 00 00 D3 00 D3 00 14 00 00 00 BC 01 00 00 BC 01 00 00 64 03 00 00 D4 3C D5 3C D6 3C D7 3C D8 3C D9 3C DA 3C DB 3C DC 3C DD 3C DE 3C 4E 4B 4F 4B 50 4B
json\_lang\en\locations_short_names.json,49 4E 44 58 10 00 00 00 A0 2D 00 00 00 00 00 00 61 0B 61 0B 14 00 00 00 D8 16 00 00 D8 16 00 00 9C 2D 00 00 81 30 82 30 25 54 26 54 27 54 40 54 41 54 42 54 43 54 44 54 45 54 46 54 47 54 48 54
json\_lang\en\locations.json,49 4E 44 58 10 00 00 00 60 12 00 00 00 00 00 00 91 04 91 04 14 00 00 00 38 09 00 00 38 09 00 00 5C 12 00 00 78 0B 79 0B 7A 0B 7B 0B 7C 0B 7D 0B 7E 0B 7F 0B 80 0B 81 0B 82 0B B3 0B B8 0B B9 0B
json\_lang\en\login_messages.json,49 4E 44 58 10 00 00 00 B0 05 00 00 00 00 00 00 01 09 01 00 00 00 00 00 04 09 01 00 3F 00 00 00 05 09 01 00 94 00 00 00 06 09 01 00 65 01 00 00 07 09 01 00 D4 01 00 00 08 09 01 00 0F 02 00 00
json\_lang\en\login_screen.json,49 4E 44 58 10 00 00 00 60 01 00 00 00 00 00 00 8E 80 00 00 00 00 00 00 8F 80 00 00 51 00 00 00 90 80 00 00 71 00 00 00 91 80 00 00 D8 00 00 00 92 80 00 00 E1 00 00 00 93 80 00 00 F2 00 00 00
json\_lang\en\main.json,49 4E 44 58 10 00 00 00 10 8D 00 00 00 00 00 00 EC 1F 4A 19 14 00 00 00 EC 3F 00 00 EC 3F 00 00 80 72 00 00 21 05 22 05 57 06 A7 06 10 07 8C 08 8D 08 55 09 B1 0A 45 0B 46 0B 4B 0B 4C 0B 4D 0B
json\_lang\en\master_orb.json,49 4E 44 58 10 00 00 00 D0 BE 00 00 00 00 00 00 00 00 E4 4E 00 00 00 00 00 00 00 00 14 00 00 00 DC 9D 00 00 00 00 00 00 01 00 0E 00 1C 00 2C 00 3D 00 50 00 5D 00 6A 00 77 00 84 00 91 00 9C 00
json\_lang\en\monster_descriptions.json,49 4E 44 58 10 00 00 00 D0 30 00 00 00 00 00 00 00 00 B9 04 00 00 00 00 00 00 00 00 14 00 00 00 88 09 00 00 00 00 01 00 49 00 90 00 01 00 90 00 D8 00 19 01 62 01 A2 01 E8 01 E8 01 38 02 75 02
json\_lang\en\monsters.json,49 4E 44 58 10 00 00 00 30 1F 00 00 00 00 00 00 00 00 8A 0F 00 00 00 00 00 00 00 00 14 00 00 00 28 1F 00 00 00 00 01 00 08 00 12 00 01 00 12 00 1D 00 2A 00 34 00 3E 00 45 00 4C 00 56 00 61 00
json\_lang\en\more_descriptions.json,49 4E 44 58 10 00 00 00 90 03 00 00 00 00 00 00 DC 00 DC 00 14 00 00 00 CC 01 00 00 CC 01 00 00 84 03 00 00 FE 07 88 12 89 12 8B 12 8C 12 8D 12 8E 12 90 12 91 12 92 12 93 12 94 12 96 12 0F 13
json\_lang\en\more_error_codes.json,49 4E 44 58 10 00 00 00 C0 00 00 00 00 00 00 00 00 00 4F 00 00 00 00 00 00 00 00 00 14 00 00 00 B4 00 00 00 00 00 01 00 08 00 15 00 22 00 2F 00 3C 00 49 00 57 00 65 00 73 00 81 00 8F 00 9D 00
json\_lang\en\more_login_menus.json,49 4E 44 58 10 00 00 00 A0 09 00 00 00 00 00 00 3A 19 01 00 00 00 00 00 3B 19 01 00 8E 00 00 00 3C 19 01 00 1C 01 00 00 3D 19 01 00 73 01 00 00 3E 19 01 00 33 02 00 00 3F 19 01 00 F3 02 00 00
json\_lang\en\now_loading.json,49 4E 44 58 10 00 00 00 30 00 00 00 00 00 00 00 05 00 05 00 14 00 00 00 20 00 00 00 20 00 00 00 2C 00 00 00 44 77 46 77 47 77 49 77 4A 77 CD AB 00 00 02 00 07 00 09 00 0D 00 CD AB 00 00 00 00
json\_lang\en\places.json,49 4E 44 58 10 00 00 00 40 03 00 00 00 00 00 00 C7 00 C7 00 14 00 00 00 A4 01 00 00 A4 01 00 00 34 03 00 00 FA 3F E8 40 38 4E 39 4E 3C 4E 40 4E 42 4E 45 4E 47 4E 48 4E 49 4E 4A 4E 4B 4E 4C 4E
json\_lang\en\profession_messages.json,49 4E 44 58 10 00 00 00 80 00 00 00 00 00 00 00 00 00 35 00 00 00 00 00 00 00 00 00 14 00 00 00 80 00 00 00 00 00 01 00 08 00 12 00 1D 00 2A 00 37 00 44 00 4E 00 5B 00 5B 00 62 00 6F 00 7C 00
json\_lang\en\random.json,49 4E 44 58 10 00 00 00 B0 03 00 00 00 00 00 00 00 00 CD 01 00 00 00 00 00 00 00 00 14 00 00 00 B0 03 00 00 00 00 01 00 09 00 11 00 18 00 1F 00 24 00 29 00 30 00 35 00 3A 00 3F 00 49 00 50 00
json\_lang\en\skill_tree.json,49 4E 44 58 10 00 00 00 70 C8 02 00 00 00 00 00 00 00 D1 1A 00 00 00 00 00 00 00 00 14 00 00 00 B8 35 00 00 00 00 01 00 06 00 0B 00 10 00 15 00 1A 00 1F 00 1A 00 1F 00 24 00 63 00 A8 00 E9 00
json\_lang\en\spell_list_and_descriptions.json,49 4E 44 58 10 00 00 00 90 26 00 00 00 00 00 00 00 00 3A 13 00 00 00 00 00 00 00 00 14 00 00 00 88 26 00 00 00 00 01 00 0A 00 12 00 1C 00 23 00 2D 00 35 00 3F 00 47 00 51 00 12 00 59 00 5E 00
json\_lang\en\story_quest_names.json,49 4E 44 58 10 00 00 00 F0 01 00 00 00 00 00 00 00 00 EC 00 00 00 00 00 00 00 00 00 14 00 00 00 EC 01 00 00 00 00 01 00 01 00 01 00 01 00 01 00 01 00 01 00 01 00 01 00 01 00 01 00 01 00 01 00
json\_lang\en\system_messages.json,49 4E 44 58 10 00 00 00 B0 18 00 00 00 00 00 00 BA 3B 00 00 00 00 00 00 BB 3B 00 00 DB 00 00 00 BC 3B 00 00 7C 01 00 00 BD 3B 00 00 AE 01 00 00 BE 3B 00 00 E9 01 00 00 C0 3B 00 00 1A 03 00 00
json\_lang\en\tbd_1.json,49 4E 44 58 10 00 00 00 B0 0A 00 00 00 00 00 00 00 00 48 05 00 00 00 00 00 00 00 00 14 00 00 00 A4 0A 00 00 00 00 01 00 06 00 0E 00 16 00 20 00 25 00 2A 00 2F 00 34 00 39 00 43 00 48 00 4D 00
json\_lang\en\tbd_10.json,49 4E 44 58 10 00 00 00 D0 01 00 00 00 00 00 00 6D 00 6D 00 14 00 00 00 F0 00 00 00 F0 00 00 00 CC 01 00 00 C8 50 C9 50 CA 50 CB 50 CC 50 CD 50 CE 50 A5 57 A6 57 A7 57 A5 67 8A 68 E5 68 B5 69
json\_lang\en\tbd_11.json,49 4E 44 58 10 00 00 00 C0 03 00 00 00 00 00 00 EA 00 EA 00 14 00 00 00 E8 01 00 00 E8 01 00 00 BC 03 00 00 A6 0C A7 0C A8 0C A9 0C AB 0C AC 0C AF 0C B0 0C B1 0C BC 0C BD 0C BE 0C BF 0C C0 0C
json\_lang\en\tbd_12.json,49 4E 44 58 10 00 00 00 20 00 00 00 00 00 00 00 02 00 02 00 14 00 00 00 18 00 00 00 18 00 00 00 1C 00 00 00 4D 6F 5A 6F 00 00 1B 00 00 00 00 00 46 4F 4F 54 10 00 00 00 00 00 00 00 00 00 00 00
json\_lang\en\tbd_13.json,49 4E 44 58 10 00 00 00 E0 00 00 00 00 00 00 00 31 00 31 00 14 00 00 00 78 00 00 00 78 00 00 00 DC 00 00 00 31 89 32 89 33 89 34 89 4C 89 B5 89 B6 89 B7 89 B8 89 B9 89 BA 89 BB 89 25 9C A0 9C
json\_lang\en\tbd_14.json,49 4E 44 58 10 00 00 00 30 01 00 00 00 00 00 00 00 00 8E 00 00 00 00 00 00 00 00 00 14 00 00 00 30 01 00 00 00 00 01 00 09 00 11 00 1E 00 26 00 31 00 36 00 46 00 4E 00 55 00 5C 00 61 00 68 00
json\_lang\en\tbd_15.json,49 4E 44 58 10 00 00 00 40 00 00 00 00 00 00 00 00 00 14 00 00 00 00 00 00 00 00 00 14 00 00 00 3C 00 00 00 00 00 00 00 00 00 00 00 00 00 00 00 00 00 00 00 01 00 09 00 0E 00 13 00 18 00 1F 00
json\_lang\en\tbd_16.json,49 4E 44 58 10 00 00 00 40 03 00 00 00 00 00 00 00 00 94 01 00 00 00 00 00 00 00 00 14 00 00 00 3C 03 00 00 00 00 01 00 05 00 09 00 0D 00 0F 00 13 00 15 00 19 00 1E 00 22 00 26 00 28 00 2C 00
json\_lang\en\tbd_17.json,49 4E 44 58 10 00 00 00 F0 00 00 00 00 00 00 00 00 00 6A 00 00 00 00 00 00 00 00 00 14 00 00 00 E8 00 00 00 00 00 01 00 60 00 C2 00 1C 01 78 01 DB 01 3B 02 9A 02 F9 02 58 03 B8 03 0F 04 6E 04
json\_lang\en\tbd_18.json,49 4E 44 58 10 00 00 00 50 00 00 00 00 00 00 00 00 00 1C 00 00 00 00 00 00 00 00 00 14 00 00 00 4C 00 00 00 00 00 01 00 06 00 10 00 1A 00 24 00 32 00 42 00 50 00 00 00 01 00 5E 00 68 00 72 00
json\_lang\en\tbd_19.json,49 4E 44 58 10 00 00 00 C0 01 00 00 00 00 00 00 67 00 67 00 14 00 00 00 E4 00 00 00 E4 00 00 00 B4 01 00 00 B0 59 B3 5A 81 61 82 61 83 61 84 61 05 6A 06 6A 07 6A 08 6A 09 6A 0A 6A 0B 6A 0C 6A
json\_lang\en\tbd_2.json,49 4E 44 58 10 00 00 00 A0 31 00 00 00 00 00 00 00 00 8B 10 00 00 00 00 00 00 00 00 14 00 00 00 2C 21 00 00 00 00 01 00 01 00 01 00 01 00 01 00 20 00 20 00 20 00 20 00 20 00 3D 00 3D 00 3D 00
json\_lang\en\tbd_20.json,49 4E 44 58 10 00 00 00 00 01 00 00 00 00 00 00 37 00 37 00 14 00 00 00 84 00 00 00 84 00 00 00 F4 00 00 00 1B 3E 70 4B FC 52 D9 66 DA 66 DB 66 DC 66 DD 66 6A 67 6B 67 6C 67 6D 67 0E 68 0F 68
json\_lang\en\tbd_21.json,49 4E 44 58 10 00 00 00 60 05 00 00 00 00 00 00 00 00 9F 02 00 00 00 00 00 00 00 00 14 00 00 00 54 05 00 00 00 00 01 00 08 00 19 00 20 00 27 00 2C 00 34 00 3E 00 48 00 52 00 5D 00 68 00 6C 00
json\_lang\en\tbd_22.json,49 4E 44 58 10 00 00 00 80 04 00 00 00 00 00 00 1A 01 1A 01 14 00 00 00 48 02 00 00 48 02 00 00 7C 04 00 00 C6 55 2A 5B 2B 5B 2C 5B 2D 5B 2E 5B 2F 5B 30 5B 31 5B 32 5B 33 5B 34 5B 35 5B 36 5B
json\_lang\en\tbd_23.json,49 4E 44 58 10 00 00 00 90 03 00 00 00 00 00 00 DB 00 DB 00 14 00 00 00 CC 01 00 00 CC 01 00 00 84 03 00 00 45 6B 46 6B 47 6B 48 6B 49 6B 4A 6B 4B 6B 4C 6B 4D 6B 4E 6B 4F 6B 50 6B 51 6B 52 6B
json\_lang\en\tbd_24.json,49 4E 44 58 10 00 00 00 40 00 00 00 00 00 00 00 07 00 07 00 14 00 00 00 24 00 00 00 24 00 00 00 34 00 00 00 EB 4B EC 4B EE 4B 6D 55 6E 55 EF BB F0 BB CD AB 00 00 2B 00 36 00 7B 00 90 00 A7 00
json\_lang\en\tbd_25.json,49 4E 44 58 10 00 00 00 10 01 00 00 00 00 00 00 3D 00 3D 00 14 00 00 00 90 00 00 00 90 00 00 00 0C 01 00 00 C1 45 0C 48 0D 48 A1 48 1F 4A 20 4A 21 4A 22 4A 23 4A 24 4A 25 4A 26 4A 27 4A 28 4A
json\_lang\en\tbd_26.json,49 4E 44 58 10 00 00 00 70 13 00 00 00 00 00 00 00 00 A9 09 00 00 00 00 00 00 00 00 14 00 00 00 68 13 00 00 00 00 01 00 01 00 01 00 01 00 01 00 01 00 01 00 01 00 01 00 01 00 01 00 01 00 01 00
json\_lang\en\tbd_3.json,49 4E 44 58 10 00 00 00 80 00 00 00 00 00 00 00 00 00 31 00 00 00 00 00 00 00 00 00 14 00 00 00 78 00 00 00 00 00 01 00 05 00 0C 00 13 00 1A 00 22 00 2A 00 34 00 3C 00 43 00 4A 00 52 00 59 00
json\_lang\en\tbd_4.json,49 4E 44 58 10 00 00 00 80 00 00 00 00 00 00 00 00 00 31 00 00 00 00 00 00 00 00 00 14 00 00 00 78 00 00 00 00 00 01 00 06 00 0D 00 14 00 1C 00 24 00 2E 00 35 00 3C 00 44 00 4B 00 53 00 5B 00
json\_lang\en\tbd_5.json,49 4E 44 58 10 00 00 00 50 0F 00 00 00 00 00 00 CD 03 CD 03 14 00 00 00 B0 07 00 00 B0 07 00 00 4C 0F 00 00 17 4B 18 4B 2F 4B 33 4B 34 4B 3F 4B 45 4B 4C 4B 12 4C 53 4F 31 50 32 50 16 5A 18 5A
json\_lang\en\tbd_6.json,49 4E 44 58 10 00 00 00 20 00 00 00 00 00 00 00 00 00 05 00 00 00 00 00 00 00 00 00 14 00 00 00 20 00 00 00 00 00 44 00 88 00 BA 00 EA 00 CD AB 46 4F 4F 54 10 00 00 00 00 00 00 00 00 00 00 00
json\_lang\en\tbd_8.json,49 4E 44 58 10 00 00 00 B0 00 00 00 00 00 00 00 25 00 25 00 14 00 00 00 60 00 00 00 60 00 00 00 AC 00 00 00 29 54 2A 54 2B 54 7E 63 7F 63 48 68 49 68 4A 68 E5 79 E6 79 7A 90 7D 90 7E 90 7F 90
json\_lang\en\tbd_9.json,49 4E 44 58 10 00 00 00 E0 04 00 00 00 00 00 00 32 01 32 01 14 00 00 00 78 02 00 00 78 02 00 00 DC 04 00 00 AD 1A DE 22 DF 22 2C 25 2D 25 2E 25 2F 25 30 25 31 25 9E 32 9F 32 A0 32 DE 33 DF 33
json\_lang\en\team_friend_status.json,49 4E 44 58 10 00 00 00 B0 00 00 00 00 00 00 00 00 00 4E 00 00 00 00 00 00 00 00 00 14 00 00 00 B0 00 00 00 00 00 01 00 11 00 1D 00 25 00 2D 00 35 00 3D 00 45 00 4D 00 55 00 5D 00 65 00 6D 00
json\_lang\en\train.json,49 4E 44 58 10 00 00 00 E0 00 00 00 00 00 00 00 32 00 32 00 14 00 00 00 78 00 00 00 78 00 00 00 DC 00 00 00 AE 5A B0 5A B1 5A B2 5A B4 5A C0 5B 8A 63 93 63 B6 63 97 67 98 67 99 67 9B 67 48 6A
json\_lang\en\use.json,49 4E 44 58 10 00 00 00 A0 C8 00 00 00 00 00 00 00 00 DD 11 00 00 00 00 00 00 00 00 14 00 00 00 D0 23 00 00 00 00 01 00 0F 00 20 00 30 00 43 00 4D 00 66 00 74 00 81 00 8C 00 97 00 9F 00 A9 00
json\_lang\en\wii_error_codes.json,49 4E 44 58 10 00 00 00 C0 00 00 00 00 00 00 00 FD 3B 00 00 00 00 00 00 FE 3B 00 00 76 00 00 00 FF 3B 00 00 7E 01 00 00 00 3C 00 00 8A 02 00 00 01 3C 00 00 BF 03 00 00 02 3C 00 00 90 04 00 00
json\_lang\en\windows_beta_test_errors.json,49 4E 44 58 10 00 00 00 A0 00 00 00 00 00 00 00 E0 08 01 00 00 00 00 00 E1 08 01 00 5E 01 00 00 E2 08 01 00 68 01 00 00 E3 08 01 00 72 01 00 00 E4 08 01 00 7C 01 00 00 E5 08 01 00 86 01 00 00
json\_lang\en\adhoc_dunno_1.json,49 4E 44 58 10 00 00 00 90 05 00 00 00 00 00 00 A8 2D 00 00 00 00 00 00 A9 2D 00 00 66 01 00 00 AA 2D 00 00 16 02 00 00 AB 2D 00 00 4D 02 00 00 AC 2D 00 00 9B 02 00 00 B7 2F 00 00 8E 03 00 00
json\_lang\en\adhoc_orphea_region_text.json,49 4E 44 58 10 00 00 00 50 06 00 00 00 00 00 00 76 5F 00 00 00 00 00 00 2F 69 00 00 51 00 00 00 30 69 00 00 9C 00 00 00 31 69 00 00 01 01 00 00 32 69 00 00 3A 01 00 00 33 69 00 00 96 01 00 00
json\_lang\en\adhoc_quests_requests,49 4E 44 58 10 00 00 00 00 5D 00 00 00 00 00 00 70 0B 01 00 00 00 00 00 71 0B 01 00 5B 01 00 00 72 0B 01 00 FC 02 00 00 73 0B 01 00 A8 04 00 00 74 0B 01 00 2C 06 00 00 75 0B 01 00 F6 07 00 00
json\_lang\en\adhoc_job_change_dialog.json,49 4E 44 58 10 00 00 00 E0 10 00 00 00 00 00 00 32 2E 00 00 00 00 00 00 34 2E 00 00 A4 00 00 00 36 2E 00 00 DA 00 00 00 37 2E 00 00 94 01 00 00 38 2E 00 00 26 02 00 00 40 2E 00 00 7D 02 00 00
json\_lang\en\adhoc_bulletin_board.json,49 4E 44 58 10 00 00 00 20 00 00 00 00 00 00 00 18 69 01 00 00 00 00 00 1E 6F 01 00 45 03 00 00 1F 6F 01 00 ED 03 00 00 0D 80 01 00 66 04 00 00 46 4F 4F 54 10 00 00 00 00 00 00 00 00 00 00 00
json\_lang\en\adhoc_tavern_recruitment.json,49 4E 44 58 10 00 00 00 F0 09 00 00 00 00 00 00 DB 2D 00 00 00 00 00 00 DC 2D 00 00 A4 00 00 00 DD 2D 00 00 53 01 00 00 DE 2D 00 00 C5 01 00 00 E0 2D 00 00 F2 01 00 00 E1 2D 00 00 43 02 00 00
json\_lang\en\adhoc_fortune_teller_cards.json,49 4E 44 58 10 00 00 00 20 01 00 00 00 00 00 00 6A 00 02 00 00 00 00 00 6C 00 02 00 5F 00 00 00 70 00 02 00 69 00 00 00 71 00 02 00 DF 00 00 00 72 00 02 00 3C 01 00 00 73 00 02 00 E8 01 00 00
json\_lang\en\adhoc_master_orb_menu.json,49 4E 44 58 10 00 00 00 40 0E 00 00 00 00 00 00 00 00 14 07 00 00 00 00 00 00 00 00 14 00 00 00 3C 0E 00 00 00 00 01 00 11 00 1C 00 27 00 31 00 3F 00 4A 00 55 00 5F 00 70 00 7D 00 8A 00 95 00
json\_lang\en\adhoc_batoen_general.json,49 4E 44 58 10 00 00 00 00 01 00 00 00 00 00 00 5D CB 02 00 00 00 00 00 5E CB 02 00 D7 00 00 00 5F CB 02 00 4B 01 00 00 60 CB 02 00 95 01 00 00 61 CB 02 00 DD 01 00 00 62 CB 02 00 9B 02 00 00
json\_lang\en\adhoc_batoen_monsters_pencils.json,49 4E 44 58 10 00 00 00 D0 13 00 00 00 00 00 00 00 00 DC 09 00 00 00 00 00 00 00 00 14 00 00 00 CC 13 00 00 00 00 01 00 08 00 13 00 1E 00 28 00 35 00 3D 00 47 00 55 00 60 00 6B 00 76 00 7E 00
json\_lang\en\adhoc_port_town_lendor.json,49 4E 44 58 10 00 00 00 90 02 00 00 00 00 00 00 6E 5F 00 00 00 00 00 00 F7 7B 00 00 57 00 00 00 A5 80 00 00 C2 00 00 00 A6 80 00 00 E7 00 00 00 A7 80 00 00 09 01 00 00 A8 80 00 00 2B 01 00 00
json\_lang\en\adhoc_labs_zones.json,49 4E 44 58 10 00 00 00 70 01 00 00 00 00 00 00 44 CB 00 00 00 00 00 00 44 69 01 00 21 01 00 00 45 69 01 00 40 01 00 00 46 69 01 00 5F 01 00 00 47 69 01 00 7E 01 00 00 48 69 01 00 9D 01 00 00
json\_lang\en\adhoc_innkeeper.json,49 4E 44 58 10 00 00 00 A0 04 00 00 00 00 00 00 E3 2F 00 00 00 00 00 00 E5 2F 00 00 8F 00 00 00 E6 2F 00 00 D7 00 00 00 E7 2F 00 00 56 01 00 00 E8 2F 00 00 E9 01 00 00 E9 2F 00 00 79 02 00 00
json\_lang\en\ignore_random_characters_1.json,49 4E 44 58 10 00 00 00 A0 05 00 00 00 00 00 00 00 00 C4 02 00 00 00 00 00 00 00 00 14 00 00 00 9C 05 00 00 00 00 01 00 03 00 05 00 07 00 09 00 0B 00 0D 00 0F 00 11 00 13 00 15 00 17 00 19 00
json\_lang\en\ignore_random_characters_2.json,49 4E 44 58 10 00 00 00 30 00 00 00 00 00 00 00 00 00 09 00 00 00 00 00 00 00 00 00 14 00 00 00 28 00 00 00 00 00 01 00 06 00 08 00 01 00 01 00 1B 00 01 00 01 00 CD AB 00 00 00 00 00 00 00 00
json\_lang\en\adhoc_crafting_messages.json,49 4E 44 58 10 00 00 00 20 03 00 00 00 00 00 00 E7 37 00 00 00 00 00 00 E8 37 00 00 B1 00 00 00 EA 37 00 00 0D 01 00 00 EC 37 00 00 AE 01 00 00 ED 37 00 00 36 02 00 00 EF 37 00 00 CE 02 00 00
json\_lang\en\adhoc_warehouse_messages.json,49 4E 44 58 10 00 00 00 60 16 00 00 00 00 00 00 2D 33 01 00 00 00 00 00 2E 33 01 00 28 00 00 00 2F 33 01 00 89 00 00 00 30 33 01 00 35 01 00 00 31 33 01 00 B9 01 00 00 32 33 01 00 E7 01 00 00
json\_lang\en\adhoc_church_messages.json,49 4E 44 58 10 00 00 00 40 0D 00 00 00 00 00 00 8F 33 00 00 00 00 00 00 92 33 00 00 75 00 00 00 93 33 00 00 A2 00 00 00 94 33 00 00 96 01 00 00 96 33 00 00 B0 02 00 00 97 33 00 00 0B 03 00 00
json\_lang\en\adhoc_post_office_messages.json,49 4E 44 58 10 00 00 00 90 12 00 00 00 00 00 00 23 C5 00 00 00 00 00 00 24 C5 00 00 51 00 00 00 25 C5 00 00 CF 00 00 00 26 C5 00 00 87 01 00 00 29 C5 00 00 28 02 00 00 2C C5 00 00 DA 02 00 00
json\_lang\en\adhoc_casino_rainbow_monsters.json,49 4E 44 58 10 00 00 00 20 00 00 00 00 00 00 00 00 00 05 00 00 00 00 00 00 00 00 00 14 00 00 00 20 00 00 00 00 00 01 00 0F 00 1D 00 2B 00 CD AB 46 4F 4F 54 10 00 00 00 00 00 00 00 00 00 00 00
json\_lang\en\adhoc_casino_rankings.json,49 4E 44 58 10 00 00 00 30 00 00 00 00 00 00 00 00 00 0B 00 00 00 00 00 00 00 00 00 14 00 00 00 2C 00 00 00 00 00 01 00 15 00 29 00 3F 00 53 00 67 00 7D 00 91 00 A5 00 BB 00 CD AB 00 00 00 00
json\_lang\en\adhoc_casino_messages.json,49 4E 44 58 10 00 00 00 E0 01 00 00 00 00 00 00 02 D1 02 00 00 00 00 00 03 D1 02 00 35 02 00 00 04 D1 02 00 A4 02 00 00 05 D1 02 00 00 03 00 00 06 D1 02 00 73 03 00 00 07 D1 02 00 17 04 00 00
json\_lang\en\adhoc_casino_event_messages.json,49 4E 44 58 10 00 00 00 B0 04 00 00 00 00 00 00 2A F1 00 00 00 00 00 00 81 03 01 00 0A 00 00 00 82 03 01 00 26 00 00 00 83 03 01 00 42 00 00 00 84 03 01 00 55 00 00 00 06 12 01 00 6B 00 00 00
json\_lang\en\adhoc_casino_coin_girl.json,49 4E 44 58 10 00 00 00 C0 00 00 00 00 00 00 00 C7 15 01 00 00 00 00 00 F3 15 01 00 5A 01 00 00 FB 15 01 00 D0 01 00 00 45 16 01 00 39 02 00 00 7D 17 01 00 01 03 00 00 7F 17 01 00 75 03 00 00
json\_lang\en\adhoc_casino_slots.json,49 4E 44 58 10 00 00 00 70 03 00 00 00 00 00 00 31 F1 00 00 00 00 00 00 AF F1 00 00 36 00 00 00 B0 F1 00 00 83 00 00 00 B1 F1 00 00 B1 00 00 00 B2 F1 00 00 FC 00 00 00 B3 F1 00 00 6D 01 00 00
json\_lang\en\adhoc_casino_poker.json,49 4E 44 58 10 00 00 00 50 02 00 00 00 00 00 00 2E F1 00 00 00 00 00 00 C1 F1 00 00 75 00 00 00 C2 F1 00 00 E0 00 00 00 C3 F1 00 00 5E 01 00 00 C4 F1 00 00 BA 01 00 00 C5 F1 00 00 16 02 00 00
json\_lang\en\adhoc_casino_roulette.json,49 4E 44 58 10 00 00 00 20 01 00 00 00 00 00 00 A7 F1 00 00 00 00 00 00 AA F1 00 00 72 00 00 00 AB F1 00 00 C5 00 00 00 AC F1 00 00 16 01 00 00 AD F1 00 00 3E 01 00 00 1C F2 00 00 8D 01 00 00
json\_lang\en\adhoc_backgammon_prizes.json,49 4E 44 58 10 00 00 00 D0 00 00 00 00 00 00 00 A3 CA 01 00 00 00 00 00 0C CB 01 00 5A 01 00 00 0D CB 01 00 B6 01 00 00 0E CB 01 00 BC 02 00 00 0F CB 01 00 09 03 00 00 10 CB 01 00 8C 03 00 00
json\_lang\en\adhoc_ghost_writer.json,49 4E 44 58 10 00 00 00 A0 01 00 00 00 00 00 00 59 00 04 00 00 00 00 00 5A 00 04 00 4B 04 00 00 5B 00 04 00 A0 04 00 00 5C 00 04 00 87 05 00 00 5D 00 04 00 EB 05 00 00 5E 00 04 00 54 06 00 00
json\_lang\en\adhoc_demon_king_castle.json,49 4E 44 58 10 00 00 00 E0 03 00 00 00 00 00 00 8C 9D 03 00 00 00 00 00 8E 9D 03 00 50 00 00 00 D2 B9 03 00 A1 00 00 00 D3 B9 03 00 F2 00 00 00 D4 B9 03 00 14 01 00 00 D5 B9 03 00 6E 01 00 00
json\_lang\en\adhoc_support_companion_text.json,49 4E 44 58 10 00 00 00 90 02 00 00 00 00 00 00 14 65 00 00 00 00 00 00 15 65 00 00 5F 00 00 00 16 65 00 00 1A 01 00 00 17 65 00 00 7C 01 00 00 6B 6A 00 00 37 02 00 00 6C 6A 00 00 7F 02 00 00
json\_lang\en\adhoc_lottery.json,49 4E 44 58 10 00 00 00 E0 01 00 00 00 00 00 00 35 DE 01 00 00 00 00 00 36 DE 01 00 43 00 00 00 37 DE 01 00 ED 01 00 00 38 DE 01 00 64 02 00 00 39 DE 01 00 FB 02 00 00 3A DE 01 00 24 03 00 00
json\_lang\en\adhoc_ogreed_signs.json,49 4E 44 58 10 00 00 00 80 08 00 00 00 00 00 00 71 5F 00 00 00 00 00 00 72 5F 00 00 1B 00 00 00 73 5F 00 00 33 00 00 00 60 60 00 00 8A 00 00 00 92 60 00 00 BE 00 00 00 AE 60 00 00 DF 00 00 00
json\_lang\en\adhoc_travelers_bazaar.json,49 4E 44 58 10 00 00 00 E0 16 00 00 00 00 00 00 22 38 00 00 00 00 00 00 24 38 00 00 2D 00 00 00 25 38 00 00 60 00 00 00 26 38 00 00 01 01 00 00 27 38 00 00 A1 01 00 00 28 38 00 00 48 02 00 00
json\_lang\en\adhoc_sugo.json,49 4E 44 58 10 00 00 00 70 02 00 00 00 00 00 00 18 85 01 00 00 00 00 00 1A 85 01 00 3B 00 00 00 1B 85 01 00 A9 00 00 00 1C 85 01 00 FD 00 00 00 1D 85 01 00 AD 01 00 00 0D 86 01 00 4B 02 00 00
json\_lang\en\adhoc_more_sugo.json,49 4E 44 58 10 00 00 00 B0 0B 00 00 00 00 00 00 00 00 C9 05 00 00 00 00 00 00 00 00 14 00 00 00 A8 0B 00 00 00 00 01 00 1D 00 39 00 39 00 39 00 39 00 39 00 39 00 39 00 39 00 39 00 4D 00 64 00
json\_lang\en\adhoc_new_player_guide_text.json,49 4E 44 58 10 00 00 00 C0 02 00 00 00 00 00 00 00 00 50 01 00 00 00 00 00 00 00 00 14 00 00 00 B4 02 00 00 00 00 01 00 01 00 20 00 20 00 3C 00 5F 00 8D 00 A5 00 CA 00 F0 00 09 01 12 01 26 01
json\_lang\en\adhoc_batoen_more.json,49 4E 44 58 10 00 00 00 60 02 00 00 00 00 00 00 DC D7 02 00 00 00 00 00 DD D7 02 00 44 00 00 00 DE D7 02 00 A1 00 00 00 DF D7 02 00 16 01 00 00 E0 D7 02 00 A0 01 00 00 E1 D7 02 00 1A 02 00 00
json\_lang\en\adhoc_carriage.json,49 4E 44 58 10 00 00 00 A0 02 00 00 00 00 00 00 A7 42 02 00 00 00 00 00 A8 42 02 00 5C 00 00 00 A9 42 02 00 C7 00 00 00 AA 42 02 00 32 01 00 00 AB 42 02 00 B8 01 00 00 AC 42 02 00 35 02 00 00
json\_lang\en\adhoc_fish_contest.json,49 4E 44 58 10 00 00 00 50 01 00 00 00 00 00 00 6C 47 01 00 00 00 00 00 6D 47 01 00 58 00 00 00 6E 47 01 00 DA 00 00 00 6F 47 01 00 56 01 00 00 70 47 01 00 D5 01 00 00 71 47 01 00 74 02 00 00
json\_lang\en\adhoc_slime_races_1.json,49 4E 44 58 10 00 00 00 20 02 00 00 00 00 00 00 00 00 02 01 00 00 00 00 00 00 00 00 14 00 00 00 18 02 00 00 00 00 01 00 08 00 13 00 1E 00 29 00 34 00 3E 00 49 00 51 00 5C 00 66 00 71 00 7E 00
json\_lang\en\adhoc_slime_races_2.json,49 4E 44 58 10 00 00 00 F0 02 00 00 00 00 00 00 03 30 03 00 00 00 00 00 04 30 03 00 73 00 00 00 05 30 03 00 82 01 00 00 06 30 03 00 F5 01 00 00 07 30 03 00 9E 02 00 00 08 30 03 00 16 03 00 00
json\_lang\en\adhoc_daifugo.json,49 4E 44 58 10 00 00 00 50 01 00 00 00 00 00 00 00 00 97 00 00 00 00 00 00 00 00 00 14 00 00 00 44 01 00 00 00 00 01 00 08 00 0F 00 16 00 1D 00 24 00 29 00 33 00 3E 00 48 00 4C 00 56 00 5B 00
json\_lang\en\adhoc_battle_trinity_trophy.json,49 4E 44 58 10 00 00 00 90 04 00 00 00 00 00 00 CD 2F 03 00 00 00 00 00 CE 2F 03 00 9C 00 00 00 CF 2F 03 00 FE 00 00 00 D0 2F 03 00 3C 01 00 00 D1 2F 03 00 CD 01 00 00 D2 2F 03 00 17 02 00 00
json\_lang\en\adhoc_dwachakka_signs.json,49 4E 44 58 10 00 00 00 C0 05 00 00 00 00 00 00 6A 5F 00 00 00 00 00 00 14 69 00 00 57 00 00 00 15 69 00 00 C2 00 00 00 16 69 00 00 FA 00 00 00 17 69 00 00 71 01 00 00 18 69 00 00 90 01 00 00
json\_lang\en\adhoc_exchange_shop.json,49 4E 44 58 10 00 00 00 60 0C 00 00 00 00 00 00 50 83 01 00 00 00 00 00 51 83 01 00 42 00 00 00 52 83 01 00 93 00 00 00 53 83 01 00 00 01 00 00 54 83 01 00 83 01 00 00 55 83 01 00 B6 01 00 00
